.;axakar.jpg;.;1
.;axakar1.jpg;.;1
.;axakar2.jpg;.;1
.;axakar3.jpg;.;1
.;axakar4.jpg;.;1
.;axakar5.jpg;.;1
.;principal.jpg;.;2
.;ba-kacem1.jpg;.;2
.;ba-kacem2.jpg;.;2
.;ba-kacem3.jpg;.;2
.;blanca.jpg;.;2
.;blanca2.jpg;.;6
.;blanca3.jpg;.;6
.;blanca4.jpg;.;6
.;blanca5.jpg;.;6
.;blanca6.jpg;.;6
.;merkala.jpg;.;3
.;merkala1.jpg;.;3
.;merkala2.jpg;.;3
.;merkala3.jpg;.;3
.;merkala4.jpg;.;3
.;merkala5.jpg;.;3
.;merkala6.jpg;.;3
.;merkala7.jpg;.;3
.;mrisat.jpg;.;4
.;mrisat1.jpg;.;4
.;mrisat2.jpg;.;4
.;mrisat3.jpg;.;4
.;municipal1.jpg;.;4
.;municipal2.jpg;.;4
.;playa municipal3.jpg;.;5
.;playa municipal4.jpg;.;5
.;playa municipal5.jpg;.;5
.;playa municipal6.jpg;.;5
.;playa municipal7.jpg;.;5
.;playa municipal8.jpg;.;5
.;playa municipal9.jpg;.;5
.;playa municipal10.jpg;.;5
.;spartel1.jpg;.;9
.;spartel2.jpg;.;9
.;spartel3.jpg;.;9
.;spartel4.jpg;.;9
.;spartel5.jpg;.;9
.;spartel6.jpg;.;9
.;7.jpg;.;9
.;spartel8.jpg;.;9
.;spartel9.jpg;.;9
.;spartel10.jpg;.;9
.;1.jpeg;.;10
.;foret-diplomatique2.jpeg;.;10
.;foret-diplomatique3.jpeg;.;10
.;harris1.jpg;.;11
.;2.jpg;.;11
.;harris3.jpg;.;11
.;harris4.jpg;.;11
.;harris5.jpg;.;11
.;harris6.jpg;.;11
.;mendoubia1.jpg;.;12
.;mendoubia2.jpg;.;12
.;mendoubia3.jpg;.;12
.;mendoubia4.jpg;.;12
.;5.jpg;.;12
.;mendoubia6.jpg;.;12
.;mendoubia7.jpg;.;12
.;mendoubia8.jpg;.;12
.;rmilat.jpg;.;13
.;rmilat1.jpg;.;13
.;rmilat2.jpg;.;13
.;rmilat3.jpg;.;13
.;rmilat4.jpg;.;13
.;rmilat5.jpg;.;13
.;rmilat6.jpg;.;13
.;bab bhar1.jpg;.;17
.;bab bhar2.jpg;.;17
.;bab bhar3.jpg;.;17
.;bab bhar4.jpg;.;17
.;9.jpg;.;17
.;dar baroud1.jpeg;.;18
.;dar baroud2.jpg;.;18
.;dar baroud3.jpg;.;18
.;dar baroud4.jpg;.;18
.;hafa1.jpg;.;19
.;hafa2.jpg;.;19
.;3.jpg;.;19
.;hafa4.jpg;.;19
.;hafa5.jpg;.;19
.;hafa6.jpg;.;19
.;hanafta1.jpg;.;20
.;hanafta2.jpg;.;20
.;hanafta3.jpg;.;20
.;hanafta4.jpg;.;20
.;hanafta5.jpg;.;20
.;kasbah1.jpg;.;21
.;kasbah2.jpg;.;21
.;kasbah3.jpg;.;21
.;kasbah4.jpg;.;21
.;kasbah5.jpeg;.;21
.;kasbah6.jpg;.;21
.;kasbah7.jpg;.;21
.;kasbah8.jpg;.;21
.;place de grande1.jpg;.;22
.;place de grande2.jpg;.;22
.;place de grande3.jpg;.;22
.;place de grande4.jpg;.;22
.;place de grande5.jpg;.;22
.;place de grande6.jpg;.;22
.;place de grande7.jpg;.;22
.;place de grande8.jpg;.;22
.;place de grande9.jpg;.;22
.;Musee de la kasbah1.jpg;.;26
.;Musee de la kasbah2.jpg;.;26
.;Musee de la kasbah3.jpg;.;26
.;Musee de la kasbah4.jpg;.;26
.;Musee de la kasbah5.jpg;.;26
.;Musee de la kasbah6.jpg;.;26
.;Musee de la kasbah7.jpeg;.;26
.;grottes1.jpg;.;25
.;grottes2.jpg;.;25
.;grottes3.jpg;.;25
.;grottes4.jpg;.;25
.;grottes5.jpeg;.;25
.;grottes6.JPG;.;25
.;grottes7.jpg;.;25
.;grottes8.jpg;.;25
.;grottes9.jpg;.;25
.;grottes10.jpg;.;25
.;grottes11.jpg;.;25
.;Borj En-Naam1.jpg;.;27
.;Borj En-Naam2.jpg;.;27
.;Borj En-Naam3.jpg;.;27
.;Borj En-Naam4.jpg;.;27
.;Borj En-Naam5.jpg;.;27
.;Borj En-Naam6.jpg;.;27
.;Borj En-Naam7.jpg;.;27
.;Borj En-Naam8.jfif;.;27
.;Borj En-Naam9.jpg;.;27
